<?xml version="1.0" encoding="UTF-8"?>
<GenRun Id="impl_1" LaunchPart="xc7z010clg400-1" LaunchTime="1592396985">
  <File Type="ROUTE-PWR" Name="LC3Zybo_top_power_routed.rpt"/>
  <File Type="PA-TCL" Name="LC3Zybo_top.tcl"/>
  <File Type="BITSTR-BMM" Name="LC3Zybo_top_bd.bmm"/>
  <File Type="ROUTE-PWR-SUM" Name="LC3Zybo_top_power_summary_routed.pb"/>
  <File Type="REPORTS-TCL" Name="LC3Zybo_top_reports.tcl"/>
  <File Type="OPT-DCP" Name="LC3Zybo_top_opt.dcp"/>
  <File Type="OPT-DRC" Name="LC3Zybo_top_drc_opted.rpt"/>
  <File Type="OPT-HWDEF" Name="LC3Zybo_top.hwdef"/>
  <File Type="PWROPT-DCP" Name="LC3Zybo_top_pwropt.dcp"/>
  <File Type="PLACE-DCP" Name="LC3Zybo_top_placed.dcp"/>
  <File Type="PLACE-IO" Name="LC3Zybo_top_io_placed.rpt"/>
  <File Type="PLACE-UTIL" Name="LC3Zybo_top_utilization_placed.rpt"/>
  <File Type="PLACE-UTIL-PB" Name="LC3Zybo_top_utilization_placed.pb"/>
  <File Type="PLACE-CTRL" Name="LC3Zybo_top_control_sets_placed.rpt"/>
  <File Type="PLACE-PRE-SIMILARITY" Name="LC3Zybo_top_incremental_reuse_pre_placed.rpt"/>
  <File Type="BG-BGN" Name="LC3Zybo_top.bgn"/>
  <File Type="POSTPLACE-PWROPT-DCP" Name="LC3Zybo_top_postplace_pwropt.dcp"/>
  <File Type="BG-BIN" Name="LC3Zybo_top.bin"/>
  <File Type="PHYSOPT-DCP" Name="LC3Zybo_top_physopt.dcp"/>
  <File Type="BITSTR-MSK" Name="LC3Zybo_top.msk"/>
  <File Type="ROUTE-ERROR-DCP" Name="LC3Zybo_top_routed_error.dcp"/>
  <File Type="ROUTE-DCP" Name="LC3Zybo_top_routed.dcp"/>
  <File Type="ROUTE-BLACKBOX-DCP" Name="LC3Zybo_top_routed_bb.dcp"/>
  <File Type="ROUTE-DRC" Name="LC3Zybo_top_drc_routed.rpt"/>
  <File Type="ROUTE-DRC-PB" Name="LC3Zybo_top_drc_routed.pb"/>
  <File Type="ROUTE-DRC-RPX" Name="LC3Zybo_top_drc_routed.rpx"/>
  <File Type="BITSTR-LTX" Name="LC3Zybo_top.ltx"/>
  <File Type="ROUTE-METHODOLOGY-DRC" Name="LC3Zybo_top_methodology_drc_routed.rpt"/>
  <File Type="BITSTR-MMI" Name="LC3Zybo_top.mmi"/>
  <File Type="ROUTE-METHODOLOGY-DRC-RPX" Name="LC3Zybo_top_methodology_drc_routed.rpx"/>
  <File Type="ROUTE-METHODOLOGY-DRC-PB" Name="LC3Zybo_top_methodology_drc_routed.pb"/>
  <File Type="BITSTR-SYSDEF" Name="LC3Zybo_top.sysdef"/>
  <File Type="ROUTE-PWR-RPX" Name="LC3Zybo_top_power_routed.rpx"/>
  <File Type="ROUTE-STATUS" Name="LC3Zybo_top_route_status.rpt"/>
  <File Type="ROUTE-STATUS-PB" Name="LC3Zybo_top_route_status.pb"/>
  <File Type="ROUTE-TIMINGSUMMARY" Name="LC3Zybo_top_timing_summary_routed.rpt"/>
  <File Type="ROUTE-TIMING-PB" Name="LC3Zybo_top_timing_summary_routed.pb"/>
  <File Type="ROUTE-TIMING-RPX" Name="LC3Zybo_top_timing_summary_routed.rpx"/>
  <File Type="ROUTE-CLK" Name="LC3Zybo_top_clock_utilization_routed.rpt"/>
  <File Type="ROUTE-BUS-SKEW" Name="LC3Zybo_top_bus_skew_routed.rpt"/>
  <File Type="ROUTE-BUS-SKEW-PB" Name="LC3Zybo_top_bus_skew_routed.pb"/>
  <File Type="ROUTE-BUS-SKEW-RPX" Name="LC3Zybo_top_bus_skew_routed.rpx"/>
  <File Type="POSTROUTE-PHYSOPT-DCP" Name="LC3Zybo_top_postroute_physopt.dcp"/>
  <File Type="POSTROUTE-PHYSOPT-BLACKBOX-DCP" Name="LC3Zybo_top_postroute_physopt_bb.dcp"/>
  <File Type="BG-BIT" Name="LC3Zybo_top.bit"/>
  <File Type="BITSTR-RBT" Name="LC3Zybo_top.rbt"/>
  <File Type="BITSTR-NKY" Name="LC3Zybo_top.nky"/>
  <File Type="BG-DRC" Name="LC3Zybo_top.drc"/>
  <File Type="RDI-RDI" Name="LC3Zybo_top.vdi"/>
  <File Type="WBT-USG" Name="usage_statistics_webtalk.html"/>
  <FileSet Name="sources" Type="DesignSrcs" RelSrcDir="$PSRCDIR/sources_1">
    <Filter Type="Srcs"/>
    <File Path="$PSRCDIR/sources_1/imports/Christian Ulstrand/OneDrive/DTU - IT Elektronik/2. Semester/Digitale Systemer/Software/3 ugers/LC3/LC3Zybo/ZyboVIO_SE.ngc">
      <FileInfo>
        <Attr Name="ImportPath" Val="$PPRDIR/../../../../OneDrive/DTU - IT Elektronik/2. Semester/Digitale Systemer/Software/3 ugers/LC3/LC3Zybo/ZyboVIO_SE.ngc"/>
        <Attr Name="ImportTime" Val="1591696720"/>
        <Attr Name="UsedIn" Val="synthesis"/>
        <Attr Name="UsedIn" Val="implementation"/>
      </FileInfo>
    </File>
    <File Path="$PSRCDIR/sources_1/imports/Christian Ulstrand/OneDrive/DTU - IT Elektronik/2. Semester/Digitale Systemer/Software/3 ugers/LC3/LC3Zybo/lc3.ngc">
      <FileInfo>
        <Attr Name="ImportPath" Val="$PPRDIR/../../../../OneDrive/DTU - IT Elektronik/2. Semester/Digitale Systemer/Software/3 ugers/LC3/LC3Zybo/lc3.ngc"/>
        <Attr Name="ImportTime" Val="1591696720"/>
        <Attr Name="UsedIn" Val="synthesis"/>
        <Attr Name="UsedIn" Val="implementation"/>
      </FileInfo>
    </File>
    <File Path="$PSRCDIR/sources_1/imports/Christian Ulstrand/OneDrive/DTU - IT Elektronik/2. Semester/Digitale Systemer/Software/3 ugers/LC3/LC3Zybo/BtnToggle.vhd">
      <FileInfo>
        <Attr Name="ImportPath" Val="$PPRDIR/../../../../OneDrive/DTU - IT Elektronik/2. Semester/Digitale Systemer/Software/3 ugers/LC3/LC3Zybo/BtnToggle.vhd"/>
        <Attr Name="ImportTime" Val="1591696720"/>
        <Attr Name="UsedIn" Val="synthesis"/>
        <Attr Name="UsedIn" Val="simulation"/>
      </FileInfo>
    </File>
    <File Path="$PSRCDIR/sources_1/new/CustomTimer.vhd">
      <FileInfo>
        <Attr Name="ImportPath" Val="$PPRDIR/../../../../Documents/GitHub/3-Ugers-Projekt/3WeekProject/3WeekProject.srcs/sources_1/new/CustomTimer.vhd"/>
        <Attr Name="ImportTime" Val="1592396983"/>
        <Attr Name="UsedIn" Val="synthesis"/>
        <Attr Name="UsedIn" Val="simulation"/>
      </FileInfo>
    </File>
    <File Path="$PSRCDIR/sources_1/new/Memory.vhd">
      <FileInfo>
        <Attr Name="ImportPath" Val="$PPRDIR/../../../../Documents/GitHub/3-Ugers-Projekt/3WeekProject/3WeekProject.srcs/sources_1/new/Memory.vhd"/>
        <Attr Name="ImportTime" Val="1592218992"/>
        <Attr Name="UsedIn" Val="synthesis"/>
        <Attr Name="UsedIn" Val="simulation"/>
      </FileInfo>
    </File>
    <File Path="$PSRCDIR/sources_1/new/baud_generator.vhd">
      <FileInfo>
        <Attr Name="ImportPath" Val="$PPRDIR/../../../../Documents/GitHub/3-Ugers-Projekt/3WeekProject/3WeekProject.srcs/sources_1/new/baud_generator.vhd"/>
        <Attr Name="ImportTime" Val="1592204708"/>
        <Attr Name="UsedIn" Val="synthesis"/>
        <Attr Name="UsedIn" Val="simulation"/>
      </FileInfo>
    </File>
    <File Path="$PSRCDIR/sources_1/imports/Christian Ulstrand/OneDrive/DTU - IT Elektronik/2. Semester/Digitale Systemer/Software/3 ugers/LC3/LC3Zybo/debounce.vhd">
      <FileInfo>
        <Attr Name="ImportPath" Val="$PPRDIR/../../../../OneDrive/DTU - IT Elektronik/2. Semester/Digitale Systemer/Software/3 ugers/LC3/LC3Zybo/debounce.vhd"/>
        <Attr Name="ImportTime" Val="1591696720"/>
        <Attr Name="UsedIn" Val="synthesis"/>
        <Attr Name="UsedIn" Val="simulation"/>
      </FileInfo>
    </File>
    <File Path="$PSRCDIR/sources_1/imports/Christian Ulstrand/Downloads/LC3Zybo/lc3_wrapper_multiplexers.vhd">
      <FileInfo>
        <Attr Name="ImportPath" Val="$PPRDIR/../../../../Downloads/LC3Zybo/lc3_wrapper_multiplexers.vhd"/>
        <Attr Name="ImportTime" Val="1591775398"/>
        <Attr Name="UsedIn" Val="synthesis"/>
        <Attr Name="UsedIn" Val="simulation"/>
      </FileInfo>
    </File>
    <File Path="$PSRCDIR/sources_1/imports/Christian Ulstrand/OneDrive/DTU - IT Elektronik/2. Semester/Digitale Systemer/Software/3 ugers/LC3/LC3Zybo/lc3_wrapper_multiplexers.vhd">
      <FileInfo>
        <Attr Name="ImportPath" Val="$PPRDIR/../../../../OneDrive/DTU - IT Elektronik/2. Semester/Digitale Systemer/Software/3 ugers/LC3/LC3Zybo/lc3_wrapper_multiplexers.vhd"/>
        <Attr Name="ImportTime" Val="1591696720"/>
        <Attr Name="UsedIn" Val="synthesis"/>
        <Attr Name="UsedIn" Val="simulation"/>
      </FileInfo>
    </File>
    <File Path="$PSRCDIR/sources_1/imports/Christian Ulstrand/OneDrive/DTU - IT Elektronik/2. Semester/Digitale Systemer/Software/3 ugers/LC3/LC3Zybo/lc3_computer.vhd">
      <FileInfo>
        <Attr Name="ImportPath" Val="$PPRDIR/../../../../OneDrive/DTU - IT Elektronik/2. Semester/Digitale Systemer/Software/3 ugers/LC3/LC3Zybo/lc3_computer.vhd"/>
        <Attr Name="ImportTime" Val="1591870456"/>
        <Attr Name="UsedIn" Val="synthesis"/>
        <Attr Name="UsedIn" Val="simulation"/>
      </FileInfo>
    </File>
    <File Path="$PSRCDIR/sources_1/imports/Christian Ulstrand/OneDrive/DTU - IT Elektronik/2. Semester/Digitale Systemer/Software/3 ugers/LC3/LC3Zybo/lc3_debug.vhd">
      <FileInfo>
        <Attr Name="ImportPath" Val="$PPRDIR/../../../../OneDrive/DTU - IT Elektronik/2. Semester/Digitale Systemer/Software/3 ugers/LC3/LC3Zybo/lc3_debug.vhd"/>
        <Attr Name="ImportTime" Val="1591696720"/>
        <Attr Name="UsedIn" Val="synthesis"/>
        <Attr Name="UsedIn" Val="simulation"/>
      </FileInfo>
    </File>
    <File Path="$PSRCDIR/sources_1/imports/Christian Ulstrand/OneDrive/DTU - IT Elektronik/2. Semester/Digitale Systemer/Software/3 ugers/LC3/LC3Zybo/student_code.vhd">
      <FileInfo>
        <Attr Name="ImportPath" Val="$PPRDIR/../../../../OneDrive/DTU - IT Elektronik/2. Semester/Digitale Systemer/Software/3 ugers/LC3/LC3Zybo/student_code.vhd"/>
        <Attr Name="ImportTime" Val="1591696720"/>
        <Attr Name="UsedIn" Val="synthesis"/>
        <Attr Name="UsedIn" Val="simulation"/>
      </FileInfo>
    </File>
    <File Path="$PSRCDIR/sources_1/imports/Christian Ulstrand/OneDrive/DTU - IT Elektronik/2. Semester/Digitale Systemer/Software/3 ugers/LC3/LC3Zybo/zybovios_wrapper.vhd">
      <FileInfo>
        <Attr Name="ImportPath" Val="$PPRDIR/../../../../OneDrive/DTU - IT Elektronik/2. Semester/Digitale Systemer/Software/3 ugers/LC3/LC3Zybo/zybovios_wrapper.vhd"/>
        <Attr Name="ImportTime" Val="1591696720"/>
        <Attr Name="UsedIn" Val="synthesis"/>
        <Attr Name="UsedIn" Val="simulation"/>
      </FileInfo>
    </File>
    <File Path="$PSRCDIR/sources_1/imports/LC3Zybo/top.vhd">
      <FileInfo>
        <Attr Name="ImportPath" Val="$PPRDIR/../../../../OneDrive/DTU - IT Elektronik/2. Semester/Digitale Systemer/Software/3 ugers/LC3/LC3Zybo/top.vhd"/>
        <Attr Name="ImportTime" Val="1591696720"/>
        <Attr Name="UsedIn" Val="synthesis"/>
        <Attr Name="UsedIn" Val="simulation"/>
      </FileInfo>
    </File>
    <File Path="$PSRCDIR/sources_1/new/Mem_async.vhd">
      <FileInfo>
        <Attr Name="AutoDisabled" Val="1"/>
        <Attr Name="ImportPath" Val="$PPRDIR/../../../../Documents/GitHub/3-Ugers-Projekt/3WeekProject/3WeekProject.srcs/sources_1/new/Mem_async.vhd"/>
        <Attr Name="ImportTime" Val="1591862236"/>
        <Attr Name="UsedIn" Val="synthesis"/>
        <Attr Name="UsedIn" Val="simulation"/>
      </FileInfo>
    </File>
    <File Path="$PSRCDIR/sources_1/imports/Christian Ulstrand/OneDrive/DTU - IT Elektronik/2. Semester/Digitale Systemer/Software/3 ugers/LC3/LC3Zybo/lc3_wrapper_tristates.vhd">
      <FileInfo>
        <Attr Name="AutoDisabled" Val="1"/>
        <Attr Name="ImportPath" Val="$PPRDIR/../../../../OneDrive/DTU - IT Elektronik/2. Semester/Digitale Systemer/Software/3 ugers/LC3/LC3Zybo/lc3_wrapper_tristates.vhd"/>
        <Attr Name="ImportTime" Val="1591696720"/>
        <Attr Name="UsedIn" Val="synthesis"/>
        <Attr Name="UsedIn" Val="simulation"/>
      </FileInfo>
    </File>
    <File Path="$PSRCDIR/sources_1/new/ssegController.vhd">
      <FileInfo>
        <Attr Name="AutoDisabled" Val="1"/>
        <Attr Name="ImportPath" Val="$PPRDIR/../../../../Documents/GitHub/3-Ugers-Projekt/3WeekProject/3WeekProject.srcs/sources_1/new/ssegController.vhd"/>
        <Attr Name="ImportTime" Val="1591883760"/>
        <Attr Name="UsedIn" Val="synthesis"/>
        <Attr Name="UsedIn" Val="simulation"/>
      </FileInfo>
    </File>
    <Config>
      <Option Name="DesignMode" Val="RTL"/>
      <Option Name="TopModule" Val="LC3Zybo_top"/>
      <Option Name="TopAutoSet" Val="TRUE"/>
    </Config>
  </FileSet>
  <FileSet Name="constrs_in" Type="Constrs" RelSrcDir="$PSRCDIR/constrs_1">
    <Filter Type="Constrs"/>
    <File Path="$PSRCDIR/constrs_1/imports/Software/ZyboVIO.xdc">
      <FileInfo>
        <Attr Name="ImportPath" Val="$PPRDIR/../../../../OneDrive/DTU - IT Elektronik/2. Semester/Digitale Systemer/Software/ZyboVIO.xdc"/>
        <Attr Name="ImportTime" Val="1583316345"/>
        <Attr Name="UsedIn" Val="synthesis"/>
        <Attr Name="UsedIn" Val="implementation"/>
      </FileInfo>
    </File>
    <Config>
      <Option Name="ConstrsType" Val="XDC"/>
    </Config>
  </FileSet>
  <Strategy Version="1" Minor="2">
    <StratHandle Name="Vivado Implementation Defaults" Flow="Vivado Implementation 2018"/>
    <Step Id="init_design"/>
    <Step Id="opt_design"/>
    <Step Id="power_opt_design"/>
    <Step Id="place_design"/>
    <Step Id="post_place_power_opt_design"/>
    <Step Id="phys_opt_design"/>
    <Step Id="route_design"/>
    <Step Id="post_route_phys_opt_design"/>
    <Step Id="write_bitstream"/>
  </Strategy>
</GenRun>
