<?xml version="1.0" encoding="UTF-8" ?>
<webTalkData  fileName='usage_statistics_webtalk.xml'  majorVersion='1' minorVersion='0' timeStamp='Wed Jun 17 11:46:34 2020'>
<section name="__ROOT__" level="0" order="1" description="">
 <section name="software_version_and_target_device" level="1" order="1" description="">
  <keyValuePair key="beta" value="FALSE" description="" />
  <keyValuePair key="build_version" value="2258646" description="" />
  <keyValuePair key="date_generated" value="Wed Jun 17 11:46:34 2020" description="" />
  <keyValuePair key="os_platform" value="WIN64" description="" />
  <keyValuePair key="product_version" value="Vivado v2018.2 (64-bit)" description="" />
  <keyValuePair key="project_id" value="d25471fdf6904149b516352dd7967181" description="" />
  <keyValuePair key="project_iteration" value="31" description="" />
  <keyValuePair key="random_id" value="98f8de034ff95f5dba45fe42613d6c88" description="" />
  <keyValuePair key="registration_id" value="98f8de034ff95f5dba45fe42613d6c88" description="" />
  <keyValuePair key="route_design" value="TRUE" description="" />
  <keyValuePair key="target_device" value="xc7z010" description="" />
  <keyValuePair key="target_family" value="zynq" description="" />
  <keyValuePair key="target_package" value="clg400" description="" />
  <keyValuePair key="target_speed" value="-1" description="" />
  <keyValuePair key="tool_flow" value="Vivado" description="" />
 </section>
 <section name="user_environment" level="1" order="2" description="">
  <keyValuePair key="cpu_name" value="AMD Ryzen 5 3600 6-Core Processor              " description="" />
  <keyValuePair key="cpu_speed" value="3593 MHz" description="" />
  <keyValuePair key="os_name" value="Microsoft Windows 8 or later , 64-bit" description="" />
  <keyValuePair key="os_release" value="major release  (build 9200)" description="" />
  <keyValuePair key="system_ram" value="17.000 GB" description="" />
  <keyValuePair key="total_processors" value="2" description="" />
 </section>
 <section name="power_opt_design" level="1" order="3" description="">
  <section name="command_line_options_spo" level="2" order="1" description="">
   <keyValuePair key="-cell_types" value="default::all" description="" />
   <keyValuePair key="-clocks" value="default::[not_specified]" description="" />
   <keyValuePair key="-exclude_cells" value="default::[not_specified]" description="" />
   <keyValuePair key="-include_cells" value="default::[not_specified]" description="" />
  </section>
  <section name="usage" level="2" order="2" description="">
   <keyValuePair key="bram_ports_augmented" value="0" description="" />
   <keyValuePair key="bram_ports_newly_gated" value="16" description="" />
   <keyValuePair key="bram_ports_total" value="64" description="" />
   <keyValuePair key="flow_state" value="default" description="" />
   <keyValuePair key="slice_registers_augmented" value="0" description="" />
   <keyValuePair key="slice_registers_newly_gated" value="0" description="" />
   <keyValuePair key="slice_registers_total" value="1987" description="" />
   <keyValuePair key="srls_augmented" value="0" description="" />
   <keyValuePair key="srls_newly_gated" value="0" description="" />
   <keyValuePair key="srls_total" value="47" description="" />
  </section>
 </section>
 <section name="report_drc" level="1" order="4" description="">
  <section name="command_line_options" level="2" order="1" description="">
   <keyValuePair key="-append" value="default::[not_specified]" description="" />
   <keyValuePair key="-checks" value="default::[not_specified]" description="" />
   <keyValuePair key="-fail_on" value="default::[not_specified]" description="" />
   <keyValuePair key="-force" value="default::[not_specified]" description="" />
   <keyValuePair key="-format" value="default::[not_specified]" description="" />
   <keyValuePair key="-internal" value="default::[not_specified]" description="" />
   <keyValuePair key="-internal_only" value="default::[not_specified]" description="" />
   <keyValuePair key="-messages" value="default::[not_specified]" description="" />
   <keyValuePair key="-name" value="default::[not_specified]" description="" />
   <keyValuePair key="-no_waivers" value="default::[not_specified]" description="" />
   <keyValuePair key="-return_string" value="default::[not_specified]" description="" />
   <keyValuePair key="-ruledecks" value="default::[not_specified]" description="" />
   <keyValuePair key="-upgrade_cw" value="default::[not_specified]" description="" />
   <keyValuePair key="-waived" value="default::[not_specified]" description="" />
  </section>
  <section name="results" level="2" order="2" description="">
   <keyValuePair key="aval-4" value="1" description="" />
   <keyValuePair key="check-3" value="1" description="" />
   <keyValuePair key="dpip-1" value="2" description="" />
   <keyValuePair key="dpop-1" value="1" description="" />
   <keyValuePair key="dpop-2" value="1" description="" />
   <keyValuePair key="reqp-1839" value="20" description="" />
  </section>
 </section>
 <section name="report_methodology" level="1" order="5" description="">
  <section name="command_line_options" level="2" order="1" description="">
   <keyValuePair key="-append" value="default::[not_specified]" description="" />
   <keyValuePair key="-checks" value="default::[not_specified]" description="" />
   <keyValuePair key="-fail_on" value="default::[not_specified]" description="" />
   <keyValuePair key="-force" value="default::[not_specified]" description="" />
   <keyValuePair key="-format" value="default::[not_specified]" description="" />
   <keyValuePair key="-messages" value="default::[not_specified]" description="" />
   <keyValuePair key="-name" value="default::[not_specified]" description="" />
   <keyValuePair key="-return_string" value="default::[not_specified]" description="" />
   <keyValuePair key="-waived" value="default::[not_specified]" description="" />
  </section>
  <section name="results" level="2" order="2" description="">
   <keyValuePair key="lutar-1" value="2" description="" />
   <keyValuePair key="timing-17" value="245" description="" />
  </section>
 </section>
 <section name="report_power" level="1" order="6" description="">
  <section name="command_line_options" level="2" order="1" description="">
   <keyValuePair key="-advisory" value="default::[not_specified]" description="" />
   <keyValuePair key="-append" value="default::[not_specified]" description="" />
   <keyValuePair key="-file" value="[specified]" description="" />
   <keyValuePair key="-format" value="default::text" description="" />
   <keyValuePair key="-hier" value="default::power" description="" />
   <keyValuePair key="-l" value="default::[not_specified]" description="" />
   <keyValuePair key="-name" value="default::[not_specified]" description="" />
   <keyValuePair key="-no_propagation" value="default::[not_specified]" description="" />
   <keyValuePair key="-return_string" value="default::[not_specified]" description="" />
   <keyValuePair key="-rpx" value="[specified]" description="" />
   <keyValuePair key="-verbose" value="default::[not_specified]" description="" />
   <keyValuePair key="-vid" value="default::[not_specified]" description="" />
   <keyValuePair key="-xpe" value="default::[not_specified]" description="" />
  </section>
  <section name="usage" level="2" order="2" description="">
   <keyValuePair key="airflow" value="250 (LFM)" description="" />
   <keyValuePair key="ambient_temp" value="25.0 (C)" description="" />
   <keyValuePair key="bi-dir_toggle" value="12.500000" description="" />
   <keyValuePair key="bidir_output_enable" value="1.000000" description="" />
   <keyValuePair key="board_layers" value="8to11 (8 to 11 Layers)" description="" />
   <keyValuePair key="board_selection" value="medium (10&quot;x10&quot;)" description="" />
   <keyValuePair key="bram" value="0.022667" description="" />
   <keyValuePair key="clocks" value="0.005030" description="" />
   <keyValuePair key="confidence_level_clock_activity" value="Medium" description="" />
   <keyValuePair key="confidence_level_design_state" value="High" description="" />
   <keyValuePair key="confidence_level_device_models" value="High" description="" />
   <keyValuePair key="confidence_level_internal_activity" value="Medium" description="" />
   <keyValuePair key="confidence_level_io_activity" value="Low" description="" />
   <keyValuePair key="confidence_level_overall" value="Low" description="" />
   <keyValuePair key="customer" value="TBD" description="" />
   <keyValuePair key="customer_class" value="TBD" description="" />
   <keyValuePair key="devstatic" value="0.096362" description="" />
   <keyValuePair key="die" value="xc7z010clg400-1" description="" />
   <keyValuePair key="dsp" value="0.000488" description="" />
   <keyValuePair key="dsp_output_toggle" value="12.500000" description="" />
   <keyValuePair key="dynamic" value="0.153002" description="" />
   <keyValuePair key="effective_thetaja" value="11.5" description="" />
   <keyValuePair key="enable_probability" value="0.990000" description="" />
   <keyValuePair key="family" value="zynq" description="" />
   <keyValuePair key="ff_toggle" value="12.500000" description="" />
   <keyValuePair key="flow_state" value="routed" description="" />
   <keyValuePair key="heatsink" value="none" description="" />
   <keyValuePair key="i/o" value="0.001007" description="" />
   <keyValuePair key="input_toggle" value="12.500000" description="" />
   <keyValuePair key="junction_temp" value="27.9 (C)" description="" />
   <keyValuePair key="logic" value="0.008140" description="" />
   <keyValuePair key="mgtavcc_dynamic_current" value="0.000000" description="" />
   <keyValuePair key="mgtavcc_static_current" value="0.000000" description="" />
   <keyValuePair key="mgtavcc_total_current" value="0.000000" description="" />
   <keyValuePair key="mgtavcc_voltage" value="1.000000" description="" />
   <keyValuePair key="mgtavtt_dynamic_current" value="0.000000" description="" />
   <keyValuePair key="mgtavtt_static_current" value="0.000000" description="" />
   <keyValuePair key="mgtavtt_total_current" value="0.000000" description="" />
   <keyValuePair key="mgtavtt_voltage" value="1.200000" description="" />
   <keyValuePair key="mgtvccaux_dynamic_current" value="0.000000" description="" />
   <keyValuePair key="mgtvccaux_static_current" value="0.000000" description="" />
   <keyValuePair key="mgtvccaux_total_current" value="0.000000" description="" />
   <keyValuePair key="mgtvccaux_voltage" value="1.800000" description="" />
   <keyValuePair key="netlist_net_matched" value="NA" description="" />
   <keyValuePair key="off-chip_power" value="0.000000" description="" />
   <keyValuePair key="on-chip_power" value="0.249364" description="" />
   <keyValuePair key="output_enable" value="1.000000" description="" />
   <keyValuePair key="output_load" value="5.000000" description="" />
   <keyValuePair key="output_toggle" value="12.500000" description="" />
   <keyValuePair key="package" value="clg400" description="" />
   <keyValuePair key="pct_clock_constrained" value="4.000000" description="" />
   <keyValuePair key="pct_inputs_defined" value="11" description="" />
   <keyValuePair key="platform" value="nt64" description="" />
   <keyValuePair key="pll" value="0.106404" description="" />
   <keyValuePair key="process" value="typical" description="" />
   <keyValuePair key="ps7" value="0.000000" description="" />
   <keyValuePair key="ram_enable" value="50.000000" description="" />
   <keyValuePair key="ram_write" value="50.000000" description="" />
   <keyValuePair key="read_saif" value="False" description="" />
   <keyValuePair key="set/reset_probability" value="0.000000" description="" />
   <keyValuePair key="signal_rate" value="False" description="" />
   <keyValuePair key="signals" value="0.009267" description="" />
   <keyValuePair key="simulation_file" value="None" description="" />
   <keyValuePair key="speedgrade" value="-1" description="" />
   <keyValuePair key="static_prob" value="False" description="" />
   <keyValuePair key="temp_grade" value="commercial" description="" />
   <keyValuePair key="thetajb" value="9.3 (C/W)" description="" />
   <keyValuePair key="thetasa" value="0.0 (C/W)" description="" />
   <keyValuePair key="toggle_rate" value="False" description="" />
   <keyValuePair key="user_board_temp" value="25.0 (C)" description="" />
   <keyValuePair key="user_effective_thetaja" value="11.5" description="" />
   <keyValuePair key="user_junc_temp" value="27.9 (C)" description="" />
   <keyValuePair key="user_thetajb" value="9.3 (C/W)" description="" />
   <keyValuePair key="user_thetasa" value="0.0 (C/W)" description="" />
   <keyValuePair key="vccadc_dynamic_current" value="0.000000" description="" />
   <keyValuePair key="vccadc_static_current" value="0.020000" description="" />
   <keyValuePair key="vccadc_total_current" value="0.020000" description="" />
   <keyValuePair key="vccadc_voltage" value="1.800000" description="" />
   <keyValuePair key="vccaux_dynamic_current" value="0.054182" description="" />
   <keyValuePair key="vccaux_io_dynamic_current" value="0.000000" description="" />
   <keyValuePair key="vccaux_io_static_current" value="0.000000" description="" />
   <keyValuePair key="vccaux_io_total_current" value="0.000000" description="" />
   <keyValuePair key="vccaux_io_voltage" value="1.800000" description="" />
   <keyValuePair key="vccaux_static_current" value="0.005538" description="" />
   <keyValuePair key="vccaux_total_current" value="0.059721" description="" />
   <keyValuePair key="vccaux_voltage" value="1.800000" description="" />
   <keyValuePair key="vccbram_dynamic_current" value="0.001971" description="" />
   <keyValuePair key="vccbram_static_current" value="0.001370" description="" />
   <keyValuePair key="vccbram_total_current" value="0.003341" description="" />
   <keyValuePair key="vccbram_voltage" value="1.000000" description="" />
   <keyValuePair key="vccint_dynamic_current" value="0.052652" description="" />
   <keyValuePair key="vccint_static_current" value="0.004509" description="" />
   <keyValuePair key="vccint_total_current" value="0.057162" description="" />
   <keyValuePair key="vccint_voltage" value="1.000000" description="" />
   <keyValuePair key="vcco12_dynamic_current" value="0.000000" description="" />
   <keyValuePair key="vcco12_static_current" value="0.000000" description="" />
   <keyValuePair key="vcco12_total_current" value="0.000000" description="" />
   <keyValuePair key="vcco12_voltage" value="1.200000" description="" />
   <keyValuePair key="vcco135_dynamic_current" value="0.000000" description="" />
   <keyValuePair key="vcco135_static_current" value="0.000000" description="" />
   <keyValuePair key="vcco135_total_current" value="0.000000" description="" />
   <keyValuePair key="vcco135_voltage" value="1.350000" description="" />
   <keyValuePair key="vcco15_dynamic_current" value="0.000000" description="" />
   <keyValuePair key="vcco15_static_current" value="0.000000" description="" />
   <keyValuePair key="vcco15_total_current" value="0.000000" description="" />
   <keyValuePair key="vcco15_voltage" value="1.500000" description="" />
   <keyValuePair key="vcco18_dynamic_current" value="0.000000" description="" />
   <keyValuePair key="vcco18_static_current" value="0.000000" description="" />
   <keyValuePair key="vcco18_total_current" value="0.000000" description="" />
   <keyValuePair key="vcco18_voltage" value="1.800000" description="" />
   <keyValuePair key="vcco25_dynamic_current" value="0.000000" description="" />
   <keyValuePair key="vcco25_static_current" value="0.000000" description="" />
   <keyValuePair key="vcco25_total_current" value="0.000000" description="" />
   <keyValuePair key="vcco25_voltage" value="2.500000" description="" />
   <keyValuePair key="vcco33_dynamic_current" value="0.000258" description="" />
   <keyValuePair key="vcco33_static_current" value="0.001000" description="" />
   <keyValuePair key="vcco33_total_current" value="0.001258" description="" />
   <keyValuePair key="vcco33_voltage" value="3.300000" description="" />
   <keyValuePair key="vcco_ddr_dynamic_current" value="0.000000" description="" />
   <keyValuePair key="vcco_ddr_static_current" value="0.000000" description="" />
   <keyValuePair key="vcco_ddr_total_current" value="0.000000" description="" />
   <keyValuePair key="vcco_ddr_voltage" value="1.500000" description="" />
   <keyValuePair key="vcco_mio0_dynamic_current" value="0.000000" description="" />
   <keyValuePair key="vcco_mio0_static_current" value="0.000000" description="" />
   <keyValuePair key="vcco_mio0_total_current" value="0.000000" description="" />
   <keyValuePair key="vcco_mio0_voltage" value="1.800000" description="" />
   <keyValuePair key="vcco_mio1_dynamic_current" value="0.000000" description="" />
   <keyValuePair key="vcco_mio1_static_current" value="0.000000" description="" />
   <keyValuePair key="vcco_mio1_total_current" value="0.000000" description="" />
   <keyValuePair key="vcco_mio1_voltage" value="1.800000" description="" />
   <keyValuePair key="vccpaux_dynamic_current" value="0.000000" description="" />
   <keyValuePair key="vccpaux_static_current" value="0.010330" description="" />
   <keyValuePair key="vccpaux_total_current" value="0.010330" description="" />
   <keyValuePair key="vccpaux_voltage" value="1.800000" description="" />
   <keyValuePair key="vccpint_dynamic_current" value="0.000000" description="" />
   <keyValuePair key="vccpint_static_current" value="0.017220" description="" />
   <keyValuePair key="vccpint_total_current" value="0.017220" description="" />
   <keyValuePair key="vccpint_voltage" value="1.000000" description="" />
   <keyValuePair key="vccpll_dynamic_current" value="0.000000" description="" />
   <keyValuePair key="vccpll_static_current" value="0.003000" description="" />
   <keyValuePair key="vccpll_total_current" value="0.003000" description="" />
   <keyValuePair key="vccpll_voltage" value="1.800000" description="" />
   <keyValuePair key="version" value="2018.2" description="" />
  </section>
 </section>
 <section name="report_utilization" level="1" order="7" description="">
  <section name="clocking" level="2" order="1" description="">
   <keyValuePair key="bufgctrl_available" value="32" description="" />
   <keyValuePair key="bufgctrl_fixed" value="0" description="" />
   <keyValuePair key="bufgctrl_used" value="6" description="" />
   <keyValuePair key="bufgctrl_util_percentage" value="18.75" description="" />
   <keyValuePair key="bufhce_available" value="48" description="" />
   <keyValuePair key="bufhce_fixed" value="0" description="" />
   <keyValuePair key="bufhce_used" value="0" description="" />
   <keyValuePair key="bufhce_util_percentage" value="0.00" description="" />
   <keyValuePair key="bufio_available" value="8" description="" />
   <keyValuePair key="bufio_fixed" value="0" description="" />
   <keyValuePair key="bufio_used" value="0" description="" />
   <keyValuePair key="bufio_util_percentage" value="0.00" description="" />
   <keyValuePair key="bufmrce_available" value="4" description="" />
   <keyValuePair key="bufmrce_fixed" value="0" description="" />
   <keyValuePair key="bufmrce_used" value="0" description="" />
   <keyValuePair key="bufmrce_util_percentage" value="0.00" description="" />
   <keyValuePair key="bufr_available" value="8" description="" />
   <keyValuePair key="bufr_fixed" value="0" description="" />
   <keyValuePair key="bufr_used" value="0" description="" />
   <keyValuePair key="bufr_util_percentage" value="0.00" description="" />
   <keyValuePair key="mmcme2_adv_available" value="2" description="" />
   <keyValuePair key="mmcme2_adv_fixed" value="0" description="" />
   <keyValuePair key="mmcme2_adv_used" value="0" description="" />
   <keyValuePair key="mmcme2_adv_util_percentage" value="0.00" description="" />
   <keyValuePair key="plle2_adv_available" value="2" description="" />
   <keyValuePair key="plle2_adv_fixed" value="0" description="" />
   <keyValuePair key="plle2_adv_used" value="1" description="" />
   <keyValuePair key="plle2_adv_util_percentage" value="50.00" description="" />
  </section>
  <section name="dsp" level="2" order="2" description="">
   <keyValuePair key="dsp48e1_only_used" value="1" description="" />
   <keyValuePair key="dsps_available" value="80" description="" />
   <keyValuePair key="dsps_fixed" value="0" description="" />
   <keyValuePair key="dsps_used" value="1" description="" />
   <keyValuePair key="dsps_util_percentage" value="1.25" description="" />
  </section>
  <section name="io_standard" level="2" order="3" description="">
   <keyValuePair key="blvds_25" value="0" description="" />
   <keyValuePair key="diff_hstl_i" value="0" description="" />
   <keyValuePair key="diff_hstl_i_18" value="0" description="" />
   <keyValuePair key="diff_hstl_ii" value="0" description="" />
   <keyValuePair key="diff_hstl_ii_18" value="0" description="" />
   <keyValuePair key="diff_hsul_12" value="0" description="" />
   <keyValuePair key="diff_mobile_ddr" value="0" description="" />
   <keyValuePair key="diff_sstl135" value="0" description="" />
   <keyValuePair key="diff_sstl135_r" value="0" description="" />
   <keyValuePair key="diff_sstl15" value="0" description="" />
   <keyValuePair key="diff_sstl15_r" value="0" description="" />
   <keyValuePair key="diff_sstl18_i" value="0" description="" />
   <keyValuePair key="diff_sstl18_ii" value="0" description="" />
   <keyValuePair key="hstl_i" value="0" description="" />
   <keyValuePair key="hstl_i_18" value="0" description="" />
   <keyValuePair key="hstl_ii" value="0" description="" />
   <keyValuePair key="hstl_ii_18" value="0" description="" />
   <keyValuePair key="hsul_12" value="0" description="" />
   <keyValuePair key="lvcmos12" value="0" description="" />
   <keyValuePair key="lvcmos15" value="0" description="" />
   <keyValuePair key="lvcmos18" value="0" description="" />
   <keyValuePair key="lvcmos25" value="0" description="" />
   <keyValuePair key="lvcmos33" value="1" description="" />
   <keyValuePair key="lvds_25" value="0" description="" />
   <keyValuePair key="lvttl" value="0" description="" />
   <keyValuePair key="mini_lvds_25" value="0" description="" />
   <keyValuePair key="mobile_ddr" value="0" description="" />
   <keyValuePair key="pci33_3" value="0" description="" />
   <keyValuePair key="ppds_25" value="0" description="" />
   <keyValuePair key="rsds_25" value="0" description="" />
   <keyValuePair key="sstl135" value="0" description="" />
   <keyValuePair key="sstl135_r" value="0" description="" />
   <keyValuePair key="sstl15" value="0" description="" />
   <keyValuePair key="sstl15_r" value="0" description="" />
   <keyValuePair key="sstl18_i" value="0" description="" />
   <keyValuePair key="sstl18_ii" value="0" description="" />
   <keyValuePair key="tmds_33" value="0" description="" />
  </section>
  <section name="memory" level="2" order="4" description="">
   <keyValuePair key="block_ram_tile_available" value="60" description="" />
   <keyValuePair key="block_ram_tile_fixed" value="0" description="" />
   <keyValuePair key="block_ram_tile_used" value="32" description="" />
   <keyValuePair key="block_ram_tile_util_percentage" value="53.33" description="" />
   <keyValuePair key="ramb18_available" value="120" description="" />
   <keyValuePair key="ramb18_fixed" value="0" description="" />
   <keyValuePair key="ramb18_used" value="0" description="" />
   <keyValuePair key="ramb18_util_percentage" value="0.00" description="" />
   <keyValuePair key="ramb36_fifo_available" value="60" description="" />
   <keyValuePair key="ramb36_fifo_fixed" value="0" description="" />
   <keyValuePair key="ramb36_fifo_used" value="32" description="" />
   <keyValuePair key="ramb36_fifo_util_percentage" value="53.33" description="" />
   <keyValuePair key="ramb36e1_only_used" value="32" description="" />
  </section>
  <section name="primitives" level="2" order="5" description="">
   <keyValuePair key="bscane2_functional_category" value="Others" description="" />
   <keyValuePair key="bscane2_used" value="2" description="" />
   <keyValuePair key="bufg_functional_category" value="Clock" description="" />
   <keyValuePair key="bufg_used" value="6" description="" />
   <keyValuePair key="carry4_functional_category" value="CarryLogic" description="" />
   <keyValuePair key="carry4_used" value="230" description="" />
   <keyValuePair key="dsp48e1_functional_category" value="Block Arithmetic" description="" />
   <keyValuePair key="dsp48e1_used" value="1" description="" />
   <keyValuePair key="fdce_functional_category" value="Flop &amp; Latch" description="" />
   <keyValuePair key="fdce_used" value="340" description="" />
   <keyValuePair key="fdpe_functional_category" value="Flop &amp; Latch" description="" />
   <keyValuePair key="fdpe_used" value="4" description="" />
   <keyValuePair key="fdre_functional_category" value="Flop &amp; Latch" description="" />
   <keyValuePair key="fdre_used" value="1643" description="" />
   <keyValuePair key="ibuf_functional_category" value="IO" description="" />
   <keyValuePair key="ibuf_used" value="9" description="" />
   <keyValuePair key="lut1_functional_category" value="LUT" description="" />
   <keyValuePair key="lut1_used" value="343" description="" />
   <keyValuePair key="lut2_functional_category" value="LUT" description="" />
   <keyValuePair key="lut2_used" value="209" description="" />
   <keyValuePair key="lut3_functional_category" value="LUT" description="" />
   <keyValuePair key="lut3_used" value="433" description="" />
   <keyValuePair key="lut4_functional_category" value="LUT" description="" />
   <keyValuePair key="lut4_used" value="310" description="" />
   <keyValuePair key="lut5_functional_category" value="LUT" description="" />
   <keyValuePair key="lut5_used" value="820" description="" />
   <keyValuePair key="lut6_functional_category" value="LUT" description="" />
   <keyValuePair key="lut6_used" value="1106" description="" />
   <keyValuePair key="muxf7_functional_category" value="MuxFx" description="" />
   <keyValuePair key="muxf7_used" value="107" description="" />
   <keyValuePair key="muxf8_functional_category" value="MuxFx" description="" />
   <keyValuePair key="muxf8_used" value="16" description="" />
   <keyValuePair key="obuf_functional_category" value="IO" description="" />
   <keyValuePair key="obuf_used" value="4" description="" />
   <keyValuePair key="plle2_adv_functional_category" value="Clock" description="" />
   <keyValuePair key="plle2_adv_used" value="1" description="" />
   <keyValuePair key="ps7_functional_category" value="Specialized Resource" description="" />
   <keyValuePair key="ps7_used" value="1" description="" />
   <keyValuePair key="ramb36e1_functional_category" value="Block Memory" description="" />
   <keyValuePair key="ramb36e1_used" value="32" description="" />
   <keyValuePair key="srl16e_functional_category" value="Distributed Memory" description="" />
   <keyValuePair key="srl16e_used" value="47" description="" />
  </section>
  <section name="slice_logic" level="2" order="6" description="">
   <keyValuePair key="f7_muxes_available" value="8800" description="" />
   <keyValuePair key="f7_muxes_fixed" value="0" description="" />
   <keyValuePair key="f7_muxes_used" value="107" description="" />
   <keyValuePair key="f7_muxes_util_percentage" value="1.22" description="" />
   <keyValuePair key="f8_muxes_available" value="4400" description="" />
   <keyValuePair key="f8_muxes_fixed" value="0" description="" />
   <keyValuePair key="f8_muxes_used" value="16" description="" />
   <keyValuePair key="f8_muxes_util_percentage" value="0.36" description="" />
   <keyValuePair key="fully_used_lut_ff_pairs_fixed" value="5.64" description="" />
   <keyValuePair key="fully_used_lut_ff_pairs_used" value="3" description="" />
   <keyValuePair key="lut_as_distributed_ram_fixed" value="0" description="" />
   <keyValuePair key="lut_as_distributed_ram_fixed" value="0" description="" />
   <keyValuePair key="lut_as_distributed_ram_used" value="0" description="" />
   <keyValuePair key="lut_as_distributed_ram_used" value="0" description="" />
   <keyValuePair key="lut_as_logic_available" value="17600" description="" />
   <keyValuePair key="lut_as_logic_available" value="17600" description="" />
   <keyValuePair key="lut_as_logic_fixed" value="0" description="" />
   <keyValuePair key="lut_as_logic_fixed" value="0" description="" />
   <keyValuePair key="lut_as_logic_used" value="3182" description="" />
   <keyValuePair key="lut_as_logic_used" value="3182" description="" />
   <keyValuePair key="lut_as_logic_util_percentage" value="18.08" description="" />
   <keyValuePair key="lut_as_logic_util_percentage" value="18.08" description="" />
   <keyValuePair key="lut_as_memory_available" value="6000" description="" />
   <keyValuePair key="lut_as_memory_available" value="6000" description="" />
   <keyValuePair key="lut_as_memory_fixed" value="0" description="" />
   <keyValuePair key="lut_as_memory_fixed" value="0" description="" />
   <keyValuePair key="lut_as_memory_used" value="47" description="" />
   <keyValuePair key="lut_as_memory_used" value="47" description="" />
   <keyValuePair key="lut_as_memory_util_percentage" value="0.78" description="" />
   <keyValuePair key="lut_as_memory_util_percentage" value="0.78" description="" />
   <keyValuePair key="lut_as_shift_register_fixed" value="0" description="" />
   <keyValuePair key="lut_as_shift_register_fixed" value="0" description="" />
   <keyValuePair key="lut_as_shift_register_used" value="47" description="" />
   <keyValuePair key="lut_as_shift_register_used" value="47" description="" />
   <keyValuePair key="lut_ff_pairs_with_one_unused_flip_flop_fixed" value="47" description="" />
   <keyValuePair key="lut_ff_pairs_with_one_unused_flip_flop_used" value="680" description="" />
   <keyValuePair key="lut_ff_pairs_with_one_unused_lut_output_fixed" value="680" description="" />
   <keyValuePair key="lut_ff_pairs_with_one_unused_lut_output_used" value="929" description="" />
   <keyValuePair key="lut_flip_flop_pairs_available" value="17600" description="" />
   <keyValuePair key="lut_flip_flop_pairs_fixed" value="0" description="" />
   <keyValuePair key="lut_flip_flop_pairs_used" value="947" description="" />
   <keyValuePair key="lut_flip_flop_pairs_util_percentage" value="5.38" description="" />
   <keyValuePair key="register_as_flip_flop_available" value="35200" description="" />
   <keyValuePair key="register_as_flip_flop_fixed" value="0" description="" />
   <keyValuePair key="register_as_flip_flop_used" value="1987" description="" />
   <keyValuePair key="register_as_flip_flop_util_percentage" value="5.64" description="" />
   <keyValuePair key="register_as_latch_available" value="35200" description="" />
   <keyValuePair key="register_as_latch_fixed" value="0" description="" />
   <keyValuePair key="register_as_latch_used" value="0" description="" />
   <keyValuePair key="register_as_latch_util_percentage" value="0.00" description="" />
   <keyValuePair key="slice_available" value="4400" description="" />
   <keyValuePair key="slice_fixed" value="0" description="" />
   <keyValuePair key="slice_luts_available" value="17600" description="" />
   <keyValuePair key="slice_luts_fixed" value="0" description="" />
   <keyValuePair key="slice_luts_used" value="3229" description="" />
   <keyValuePair key="slice_luts_util_percentage" value="18.35" description="" />
   <keyValuePair key="slice_registers_available" value="35200" description="" />
   <keyValuePair key="slice_registers_fixed" value="0" description="" />
   <keyValuePair key="slice_registers_used" value="1987" description="" />
   <keyValuePair key="slice_registers_util_percentage" value="5.64" description="" />
   <keyValuePair key="slice_used" value="1069" description="" />
   <keyValuePair key="slice_util_percentage" value="24.30" description="" />
   <keyValuePair key="slicel_fixed" value="0" description="" />
   <keyValuePair key="slicel_used" value="697" description="" />
   <keyValuePair key="slicem_fixed" value="0" description="" />
   <keyValuePair key="slicem_used" value="372" description="" />
   <keyValuePair key="unique_control_sets_used" value="63" description="" />
   <keyValuePair key="using_o5_and_o6_fixed" value="63" description="" />
   <keyValuePair key="using_o5_and_o6_used" value="0" description="" />
   <keyValuePair key="using_o5_output_only_fixed" value="0" description="" />
   <keyValuePair key="using_o5_output_only_used" value="47" description="" />
   <keyValuePair key="using_o6_output_only_fixed" value="47" description="" />
   <keyValuePair key="using_o6_output_only_used" value="0" description="" />
  </section>
  <section name="specific_feature" level="2" order="7" description="">
   <keyValuePair key="bscane2_available" value="4" description="" />
   <keyValuePair key="bscane2_fixed" value="0" description="" />
   <keyValuePair key="bscane2_used" value="2" description="" />
   <keyValuePair key="bscane2_util_percentage" value="50.00" description="" />
   <keyValuePair key="capturee2_available" value="1" description="" />
   <keyValuePair key="capturee2_fixed" value="0" description="" />
   <keyValuePair key="capturee2_used" value="0" description="" />
   <keyValuePair key="capturee2_util_percentage" value="0.00" description="" />
   <keyValuePair key="dna_port_available" value="1" description="" />
   <keyValuePair key="dna_port_fixed" value="0" description="" />
   <keyValuePair key="dna_port_used" value="0" description="" />
   <keyValuePair key="dna_port_util_percentage" value="0.00" description="" />
   <keyValuePair key="efuse_usr_available" value="1" description="" />
   <keyValuePair key="efuse_usr_fixed" value="0" description="" />
   <keyValuePair key="efuse_usr_used" value="0" description="" />
   <keyValuePair key="efuse_usr_util_percentage" value="0.00" description="" />
   <keyValuePair key="frame_ecce2_available" value="1" description="" />
   <keyValuePair key="frame_ecce2_fixed" value="0" description="" />
   <keyValuePair key="frame_ecce2_used" value="0" description="" />
   <keyValuePair key="frame_ecce2_util_percentage" value="0.00" description="" />
   <keyValuePair key="icape2_available" value="2" description="" />
   <keyValuePair key="icape2_fixed" value="0" description="" />
   <keyValuePair key="icape2_used" value="0" description="" />
   <keyValuePair key="icape2_util_percentage" value="0.00" description="" />
   <keyValuePair key="startupe2_available" value="1" description="" />
   <keyValuePair key="startupe2_fixed" value="0" description="" />
   <keyValuePair key="startupe2_used" value="0" description="" />
   <keyValuePair key="startupe2_util_percentage" value="0.00" description="" />
   <keyValuePair key="xadc_available" value="1" description="" />
   <keyValuePair key="xadc_fixed" value="0" description="" />
   <keyValuePair key="xadc_used" value="0" description="" />
   <keyValuePair key="xadc_util_percentage" value="0.00" description="" />
  </section>
 </section>
 <section name="router" level="1" order="8" description="">
  <section name="usage" level="2" order="1" description="">
   <keyValuePair key="actual_expansions" value="3177153" description="" />
   <keyValuePair key="bogomips" value="0" description="" />
   <keyValuePair key="bram18" value="0" description="" />
   <keyValuePair key="bram36" value="32" description="" />
   <keyValuePair key="bufg" value="0" description="" />
   <keyValuePair key="bufr" value="0" description="" />
   <keyValuePair key="congestion_level" value="0" description="" />
   <keyValuePair key="ctrls" value="63" description="" />
   <keyValuePair key="dsp" value="1" description="" />
   <keyValuePair key="effort" value="2" description="" />
   <keyValuePair key="estimated_expansions" value="4076226" description="" />
   <keyValuePair key="ff" value="1987" description="" />
   <keyValuePair key="global_clocks" value="6" description="" />
   <keyValuePair key="high_fanout_nets" value="6" description="" />
   <keyValuePair key="iob" value="13" description="" />
   <keyValuePair key="lut" value="3252" description="" />
   <keyValuePair key="movable_instances" value="5856" description="" />
   <keyValuePair key="nets" value="6888" description="" />
   <keyValuePair key="pins" value="43367" description="" />
   <keyValuePair key="pll" value="1" description="" />
   <keyValuePair key="router_runtime" value="0.000000" description="" />
   <keyValuePair key="router_timing_driven" value="1" description="" />
   <keyValuePair key="threads" value="2" description="" />
   <keyValuePair key="timing_constraints_exist" value="1" description="" />
  </section>
 </section>
 <section name="synthesis" level="1" order="9" description="">
  <section name="command_line_options" level="2" order="1" description="">
   <keyValuePair key="-assert" value="default::[not_specified]" description="" />
   <keyValuePair key="-bufg" value="default::12" description="" />
   <keyValuePair key="-cascade_dsp" value="default::auto" description="" />
   <keyValuePair key="-constrset" value="default::[not_specified]" description="" />
   <keyValuePair key="-control_set_opt_threshold" value="default::auto" description="" />
   <keyValuePair key="-directive" value="default::default" description="" />
   <keyValuePair key="-fanout_limit" value="default::10000" description="" />
   <keyValuePair key="-flatten_hierarchy" value="default::rebuilt" description="" />
   <keyValuePair key="-fsm_extraction" value="default::auto" description="" />
   <keyValuePair key="-gated_clock_conversion" value="default::off" description="" />
   <keyValuePair key="-generic" value="default::[not_specified]" description="" />
   <keyValuePair key="-include_dirs" value="default::[not_specified]" description="" />
   <keyValuePair key="-keep_equivalent_registers" value="default::[not_specified]" description="" />
   <keyValuePair key="-max_bram" value="default::-1" description="" />
   <keyValuePair key="-max_bram_cascade_height" value="default::-1" description="" />
   <keyValuePair key="-max_dsp" value="default::-1" description="" />
   <keyValuePair key="-max_uram" value="default::-1" description="" />
   <keyValuePair key="-max_uram_cascade_height" value="default::-1" description="" />
   <keyValuePair key="-mode" value="default::default" description="" />
   <keyValuePair key="-name" value="default::[not_specified]" description="" />
   <keyValuePair key="-no_lc" value="default::[not_specified]" description="" />
   <keyValuePair key="-no_srlextract" value="default::[not_specified]" description="" />
   <keyValuePair key="-no_timing_driven" value="default::[not_specified]" description="" />
   <keyValuePair key="-part" value="xc7z010clg400-1" description="" />
   <keyValuePair key="-resource_sharing" value="default::auto" description="" />
   <keyValuePair key="-retiming" value="default::[not_specified]" description="" />
   <keyValuePair key="-rtl" value="default::[not_specified]" description="" />
   <keyValuePair key="-rtl_skip_constraints" value="default::[not_specified]" description="" />
   <keyValuePair key="-rtl_skip_ip" value="default::[not_specified]" description="" />
   <keyValuePair key="-seu_protect" value="default::none" description="" />
   <keyValuePair key="-sfcu" value="default::[not_specified]" description="" />
   <keyValuePair key="-shreg_min_size" value="default::3" description="" />
   <keyValuePair key="-top" value="LC3Zybo_top" description="" />
   <keyValuePair key="-verilog_define" value="default::[not_specified]" description="" />
  </section>
  <section name="usage" level="2" order="2" description="">
   <keyValuePair key="elapsed" value="00:00:28s" description="" />
   <keyValuePair key="hls_ip" value="0" description="" />
   <keyValuePair key="memory_gain" value="568.230MB" description="" />
   <keyValuePair key="memory_peak" value="802.574MB" description="" />
  </section>
 </section>
 <section name="unisim_transformation" level="1" order="10" description="">
  <section name="post_unisim_transformation" level="2" order="1" description="">
   <keyValuePair key="bscane2" value="2" description="" />
   <keyValuePair key="bufg" value="6" description="" />
   <keyValuePair key="carry4" value="231" description="" />
   <keyValuePair key="dsp48e1" value="1" description="" />
   <keyValuePair key="fdce" value="340" description="" />
   <keyValuePair key="fdpe" value="4" description="" />
   <keyValuePair key="fdre" value="1678" description="" />
   <keyValuePair key="gnd" value="172" description="" />
   <keyValuePair key="ibuf" value="9" description="" />
   <keyValuePair key="lut1" value="369" description="" />
   <keyValuePair key="lut2" value="198" description="" />
   <keyValuePair key="lut3" value="412" description="" />
   <keyValuePair key="lut4" value="307" description="" />
   <keyValuePair key="lut5" value="908" description="" />
   <keyValuePair key="lut6" value="1110" description="" />
   <keyValuePair key="muxf7" value="107" description="" />
   <keyValuePair key="muxf8" value="16" description="" />
   <keyValuePair key="obuf" value="4" description="" />
   <keyValuePair key="plle2_adv" value="1" description="" />
   <keyValuePair key="ps7" value="1" description="" />
   <keyValuePair key="ramb36e1" value="32" description="" />
   <keyValuePair key="srlc16e" value="54" description="" />
   <keyValuePair key="vcc" value="20" description="" />
  </section>
  <section name="pre_unisim_transformation" level="2" order="2" description="">
   <keyValuePair key="bscane2" value="2" description="" />
   <keyValuePair key="bufg" value="6" description="" />
   <keyValuePair key="carry4" value="231" description="" />
   <keyValuePair key="dsp48e1" value="1" description="" />
   <keyValuePair key="fdce" value="340" description="" />
   <keyValuePair key="fdpe" value="4" description="" />
   <keyValuePair key="fdre" value="1678" description="" />
   <keyValuePair key="gnd" value="172" description="" />
   <keyValuePair key="ibuf" value="9" description="" />
   <keyValuePair key="lut1" value="369" description="" />
   <keyValuePair key="lut2" value="198" description="" />
   <keyValuePair key="lut3" value="412" description="" />
   <keyValuePair key="lut4" value="307" description="" />
   <keyValuePair key="lut5" value="908" description="" />
   <keyValuePair key="lut6" value="1110" description="" />
   <keyValuePair key="muxf7" value="107" description="" />
   <keyValuePair key="muxf8" value="16" description="" />
   <keyValuePair key="obuf" value="4" description="" />
   <keyValuePair key="plle2_adv" value="1" description="" />
   <keyValuePair key="ps7" value="1" description="" />
   <keyValuePair key="ramb36e1" value="32" description="" />
   <keyValuePair key="srlc16e" value="54" description="" />
   <keyValuePair key="vcc" value="20" description="" />
  </section>
 </section>
 <section name="vivado_usage" level="1" order="11" description="">
  <section name="gui_handlers" level="2" order="1" description="">
   <keyValuePair key="abstractcombinedpanel_remove_selected_elements" value="1" description="" />
   <keyValuePair key="abstractsearchablepanel_show_search" value="2" description="" />
   <keyValuePair key="basedialog_cancel" value="4" description="" />
   <keyValuePair key="basedialog_close" value="1" description="" />
   <keyValuePair key="basedialog_ok" value="219" description="" />
   <keyValuePair key="boardchooser_board_table" value="1" description="" />
   <keyValuePair key="closeplanner_no" value="1" description="" />
   <keyValuePair key="cmdmsgdialog_ok" value="4" description="" />
   <keyValuePair key="confirmsavetexteditsdialog_no" value="1" description="" />
   <keyValuePair key="confirmsavetexteditsdialog_yes" value="9" description="" />
   <keyValuePair key="constraintschooserpanel_add_files" value="4" description="" />
   <keyValuePair key="createsrcfiledialog_file_name" value="10" description="" />
   <keyValuePair key="createsrcfiledialog_file_type" value="9" description="" />
   <keyValuePair key="definemodulesdialog_entity_name" value="1" description="" />
   <keyValuePair key="expreporttreepanel_exp_report_tree_table" value="24" description="" />
   <keyValuePair key="expruntreepanel_exp_run_tree_table" value="1" description="" />
   <keyValuePair key="filesetpanel_file_set_panel_tree" value="398" description="" />
   <keyValuePair key="filesetpanel_messages" value="3" description="" />
   <keyValuePair key="filtertoolbar_show_all" value="1" description="" />
   <keyValuePair key="findandreplacealldialog_close" value="2" description="" />
   <keyValuePair key="findandreplacealldialog_find" value="13" description="" />
   <keyValuePair key="findinfilesview_replace_all_occurrences_in_all_files" value="14" description="" />
   <keyValuePair key="flownavigatortreepanel_flow_navigator_tree" value="159" description="" />
   <keyValuePair key="gettingstartedview_create_new_project" value="1" description="" />
   <keyValuePair key="hcodeeditor_blank_operations" value="13" description="" />
   <keyValuePair key="hcodeeditor_close" value="7" description="" />
   <keyValuePair key="hcodeeditor_commands_to_fold_text" value="1" description="" />
   <keyValuePair key="hcodeeditor_diff_with" value="5" description="" />
   <keyValuePair key="hcodeeditor_search_text_combo_box" value="15" description="" />
   <keyValuePair key="hexceptiondialog_exit" value="1" description="" />
   <keyValuePair key="hinputhandler_replace_text" value="16" description="" />
   <keyValuePair key="hinputhandler_toggle_line_comments" value="13" description="" />
   <keyValuePair key="languagetemplatesdialog_templates_tree" value="9" description="" />
   <keyValuePair key="launchpanel_dont_show_this_dialog_again" value="1" description="" />
   <keyValuePair key="mainmenumgr_checkpoint" value="3" description="" />
   <keyValuePair key="mainmenumgr_constraints" value="2" description="" />
   <keyValuePair key="mainmenumgr_edit" value="28" description="" />
   <keyValuePair key="mainmenumgr_file" value="18" description="" />
   <keyValuePair key="mainmenumgr_floorplanning" value="1" description="" />
   <keyValuePair key="mainmenumgr_flow" value="21" description="" />
   <keyValuePair key="mainmenumgr_ip" value="3" description="" />
   <keyValuePair key="mainmenumgr_open_recent_project" value="3" description="" />
   <keyValuePair key="mainmenumgr_project" value="8" description="" />
   <keyValuePair key="mainmenumgr_reports" value="12" description="" />
   <keyValuePair key="mainmenumgr_text_editor" value="1" description="" />
   <keyValuePair key="mainmenumgr_tools" value="20" description="" />
   <keyValuePair key="mainmenumgr_view" value="8" description="" />
   <keyValuePair key="mainmenumgr_window" value="18" description="" />
   <keyValuePair key="maintoolbarmgr_open" value="1" description="" />
   <keyValuePair key="mainwinmenumgr_layout" value="14" description="" />
   <keyValuePair key="mainwinmenumgr_load" value="2" description="" />
   <keyValuePair key="messagewithoptiondialog_dont_show_this_dialog_again" value="1" description="" />
   <keyValuePair key="msgtreepanel_message_view_tree" value="126" description="" />
   <keyValuePair key="msgview_information_messages" value="1" description="" />
   <keyValuePair key="msgview_warning_messages" value="2" description="" />
   <keyValuePair key="netlistschematicview_show_io_ports_in_this_schematic" value="1" description="" />
   <keyValuePair key="netlistschematicview_show_nets_in_this_schematic" value="1" description="" />
   <keyValuePair key="netlisttreeview_netlist_tree" value="4" description="" />
   <keyValuePair key="openfileaction_cancel" value="2" description="" />
   <keyValuePair key="openfileaction_open_directory" value="1" description="" />
   <keyValuePair key="pacodeeditor_replace_in_files" value="12" description="" />
   <keyValuePair key="pacommandnames_add_sources" value="20" description="" />
   <keyValuePair key="pacommandnames_auto_update_hier" value="12" description="" />
   <keyValuePair key="pacommandnames_collapse_current_folded_text" value="1" description="" />
   <keyValuePair key="pacommandnames_fileset_window" value="2" description="" />
   <keyValuePair key="pacommandnames_goto_instantiation" value="1" description="" />
   <keyValuePair key="pacommandnames_import_all_srcs" value="1" description="" />
   <keyValuePair key="pacommandnames_import_src" value="2" description="" />
   <keyValuePair key="pacommandnames_language_templates" value="1" description="" />
   <keyValuePair key="pacommandnames_message_window" value="1" description="" />
   <keyValuePair key="pacommandnames_replace_in_files" value="3" description="" />
   <keyValuePair key="pacommandnames_run_bitgen" value="1" description="" />
   <keyValuePair key="paviews_code" value="27" description="" />
   <keyValuePair key="paviews_device" value="76" description="" />
   <keyValuePair key="paviews_par_report" value="7" description="" />
   <keyValuePair key="paviews_project_summary" value="18" description="" />
   <keyValuePair key="paviews_schematic" value="3" description="" />
   <keyValuePair key="projectnamechooser_choose_project_location" value="1" description="" />
   <keyValuePair key="projectnamechooser_project_name" value="1" description="" />
   <keyValuePair key="projectsummaryutilizationgadget_project_summary_utilization_gadget_tabbed" value="2" description="" />
   <keyValuePair key="projecttab_close_design" value="5" description="" />
   <keyValuePair key="projecttab_reload" value="1" description="" />
   <keyValuePair key="rdicommands_custom_commands" value="2" description="" />
   <keyValuePair key="rdicommands_delete" value="6" description="" />
   <keyValuePair key="rdicommands_properties" value="2" description="" />
   <keyValuePair key="removesourcesdialog_also_delete" value="1" description="" />
   <keyValuePair key="reportutiltab_report_utilization_navigation_tree" value="8" description="" />
   <keyValuePair key="saveprojectutils_cancel" value="2" description="" />
   <keyValuePair key="saveprojectutils_save" value="36" description="" />
   <keyValuePair key="schematicview_previous" value="2" description="" />
   <keyValuePair key="selectmenu_highlight" value="1" description="" />
   <keyValuePair key="srcchooserpanel_add_directories" value="2" description="" />
   <keyValuePair key="srcchooserpanel_add_hdl_and_netlist_files_to_your_project" value="1" description="" />
   <keyValuePair key="srcchooserpanel_create_file" value="10" description="" />
   <keyValuePair key="srcchooserpanel_make_local_copy_of_these_files_into" value="4" description="" />
   <keyValuePair key="srcchoosertable_src_chooser_table" value="4" description="" />
   <keyValuePair key="srcmenu_ip_hierarchy" value="15" description="" />
   <keyValuePair key="srcmenu_open_selected_source_files" value="2" description="" />
   <keyValuePair key="statemonitor_reset_run" value="1" description="" />
   <keyValuePair key="syntheticagettingstartedview_recent_projects" value="17" description="" />
   <keyValuePair key="syntheticastatemonitor_cancel" value="7" description="" />
   <keyValuePair key="taskbanner_close" value="2" description="" />
   <keyValuePair key="utilizationhierviewtreetablepanel_table(hierarchy)" value="2" description="" />
  </section>
  <section name="java_command_handlers" level="2" order="2" description="">
   <keyValuePair key="addsources" value="21" description="" />
   <keyValuePair key="ax" value="2" description="" />
   <keyValuePair key="editdelete" value="11" description="" />
   <keyValuePair key="editproperties" value="2" description="" />
   <keyValuePair key="newproject" value="1" description="" />
   <keyValuePair key="openfile" value="1" description="" />
   <keyValuePair key="openhardwaremanager" value="1" description="" />
   <keyValuePair key="reportutilization" value="3" description="" />
   <keyValuePair key="runbitgen" value="74" description="" />
   <keyValuePair key="runimplementation" value="20" description="" />
   <keyValuePair key="runschematic" value="3" description="" />
   <keyValuePair key="runsynthesis" value="30" description="" />
   <keyValuePair key="savefileproxyhandler" value="8" description="" />
   <keyValuePair key="showsource" value="1" description="" />
   <keyValuePair key="showview" value="65" description="" />
   <keyValuePair key="toolstemplates" value="1" description="" />
   <keyValuePair key="ui.views.c.ap" value="1" description="" />
   <keyValuePair key="ui.views.c.h.e" value="15" description="" />
   <keyValuePair key="viewlayoutcmd" value="2" description="" />
   <keyValuePair key="viewtaskimplementation" value="3" description="" />
   <keyValuePair key="viewtaskrtlanalysis" value="1" description="" />
   <keyValuePair key="viewtasksynthesis" value="1" description="" />
  </section>
  <section name="other_data" level="2" order="3" description="">
   <keyValuePair key="guimode" value="22" description="" />
  </section>
  <section name="project_data" level="2" order="4" description="">
   <keyValuePair key="constraintsetcount" value="1" description="" />
   <keyValuePair key="core_container" value="false" description="" />
   <keyValuePair key="currentimplrun" value="impl_1" description="" />
   <keyValuePair key="currentsynthesisrun" value="synth_1" description="" />
   <keyValuePair key="default_library" value="xil_defaultlib" description="" />
   <keyValuePair key="designmode" value="RTL" description="" />
   <keyValuePair key="export_simulation_activehdl" value="0" description="" />
   <keyValuePair key="export_simulation_ies" value="0" description="" />
   <keyValuePair key="export_simulation_modelsim" value="0" description="" />
   <keyValuePair key="export_simulation_questa" value="0" description="" />
   <keyValuePair key="export_simulation_riviera" value="0" description="" />
   <keyValuePair key="export_simulation_vcs" value="0" description="" />
   <keyValuePair key="export_simulation_xsim" value="0" description="" />
   <keyValuePair key="implstrategy" value="Vivado Implementation Defaults" description="" />
   <keyValuePair key="launch_simulation_activehdl" value="0" description="" />
   <keyValuePair key="launch_simulation_ies" value="0" description="" />
   <keyValuePair key="launch_simulation_modelsim" value="0" description="" />
   <keyValuePair key="launch_simulation_questa" value="0" description="" />
   <keyValuePair key="launch_simulation_riviera" value="0" description="" />
   <keyValuePair key="launch_simulation_vcs" value="0" description="" />
   <keyValuePair key="launch_simulation_xsim" value="0" description="" />
   <keyValuePair key="simulator_language" value="Mixed" description="" />
   <keyValuePair key="srcsetcount" value="17" description="" />
   <keyValuePair key="synthesisstrategy" value="Vivado Synthesis Defaults" description="" />
   <keyValuePair key="target_language" value="Verilog" description="" />
   <keyValuePair key="target_simulator" value="XSim" description="" />
   <keyValuePair key="totalimplruns" value="1" description="" />
   <keyValuePair key="totalsynthesisruns" value="1" description="" />
  </section>
 </section>
</section>
</webTalkData>
