<?xml version="1.0" encoding="UTF-8"?>
<GenRun Id="synth_1" LaunchPart="xc7z010clg400-1" LaunchTime="1592387065">
  <File Type="PA-TCL" Name="LC3Zybo_top.tcl"/>
  <File Type="REPORTS-TCL" Name="LC3Zybo_top_reports.tcl"/>
  <File Type="RDS-RDS" Name="LC3Zybo_top.vds"/>
  <File Type="RDS-UTIL" Name="LC3Zybo_top_utilization_synth.rpt"/>
  <File Type="RDS-UTIL-PB" Name="LC3Zybo_top_utilization_synth.pb"/>
  <File Type="RDS-DCP" Name="LC3Zybo_top.dcp"/>
  <FileSet Name="sources" Type="DesignSrcs" RelSrcDir="$PSRCDIR/sources_1">
    <Filter Type="Srcs"/>
    <File Path="$PSRCDIR/sources_1/imports/Christian Ulstrand/OneDrive/DTU - IT Elektronik/2. Semester/Digitale Systemer/Software/3 ugers/LC3/LC3Zybo/ZyboVIO_SE.ngc">
      <FileInfo>
        <Attr Name="ImportPath" Val="$PPRDIR/../../../../OneDrive/DTU - IT Elektronik/2. Semester/Digitale Systemer/Software/3 ugers/LC3/LC3Zybo/ZyboVIO_SE.ngc"/>
        <Attr Name="ImportTime" Val="1591696720"/>
        <Attr Name="UsedIn" Val="synthesis"/>
        <Attr Name="UsedIn" Val="implementation"/>
      </FileInfo>
    </File>
    <File Path="$PSRCDIR/sources_1/imports/Christian Ulstrand/OneDrive/DTU - IT Elektronik/2. Semester/Digitale Systemer/Software/3 ugers/LC3/LC3Zybo/lc3.ngc">
      <FileInfo>
        <Attr Name="ImportPath" Val="$PPRDIR/../../../../OneDrive/DTU - IT Elektronik/2. Semester/Digitale Systemer/Software/3 ugers/LC3/LC3Zybo/lc3.ngc"/>
        <Attr Name="ImportTime" Val="1591696720"/>
        <Attr Name="UsedIn" Val="synthesis"/>
        <Attr Name="UsedIn" Val="implementation"/>
      </FileInfo>
    </File>
    <File Path="$PSRCDIR/sources_1/imports/Christian Ulstrand/OneDrive/DTU - IT Elektronik/2. Semester/Digitale Systemer/Software/3 ugers/LC3/LC3Zybo/BtnToggle.vhd">
      <FileInfo>
        <Attr Name="ImportPath" Val="$PPRDIR/../../../../OneDrive/DTU - IT Elektronik/2. Semester/Digitale Systemer/Software/3 ugers/LC3/LC3Zybo/BtnToggle.vhd"/>
        <Attr Name="ImportTime" Val="1591696720"/>
        <Attr Name="UsedIn" Val="synthesis"/>
        <Attr Name="UsedIn" Val="simulation"/>
      </FileInfo>
    </File>
    <File Path="$PSRCDIR/sources_1/new/CustomTimer.vhd">
      <FileInfo>
        <Attr Name="ImportPath" Val="$PPRDIR/../../../../Documents/GitHub/3-Ugers-Projekt/3WeekProject/3WeekProject.srcs/sources_1/new/CustomTimer.vhd"/>
        <Attr Name="ImportTime" Val="1592386024"/>
        <Attr Name="UsedIn" Val="synthesis"/>
        <Attr Name="UsedIn" Val="simulation"/>
      </FileInfo>
    </File>
    <File Path="$PSRCDIR/sources_1/new/Memory.vhd">
      <FileInfo>
        <Attr Name="ImportPath" Val="$PPRDIR/../../../../Documents/GitHub/3-Ugers-Projekt/3WeekProject/3WeekProject.srcs/sources_1/new/Memory.vhd"/>
        <Attr Name="ImportTime" Val="1592218992"/>
        <Attr Name="UsedIn" Val="synthesis"/>
        <Attr Name="UsedIn" Val="simulation"/>
      </FileInfo>
    </File>
    <File Path="$PSRCDIR/sources_1/new/baud_generator.vhd">
      <FileInfo>
        <Attr Name="ImportPath" Val="$PPRDIR/../../../../Documents/GitHub/3-Ugers-Projekt/3WeekProject/3WeekProject.srcs/sources_1/new/baud_generator.vhd"/>
        <Attr Name="ImportTime" Val="1592204708"/>
        <Attr Name="UsedIn" Val="synthesis"/>
        <Attr Name="UsedIn" Val="simulation"/>
      </FileInfo>
    </File>
    <File Path="$PSRCDIR/sources_1/imports/Christian Ulstrand/OneDrive/DTU - IT Elektronik/2. Semester/Digitale Systemer/Software/3 ugers/LC3/LC3Zybo/debounce.vhd">
      <FileInfo>
        <Attr Name="ImportPath" Val="$PPRDIR/../../../../OneDrive/DTU - IT Elektronik/2. Semester/Digitale Systemer/Software/3 ugers/LC3/LC3Zybo/debounce.vhd"/>
        <Attr Name="ImportTime" Val="1591696720"/>
        <Attr Name="UsedIn" Val="synthesis"/>
        <Attr Name="UsedIn" Val="simulation"/>
      </FileInfo>
    </File>
    <File Path="$PSRCDIR/sources_1/imports/Christian Ulstrand/Downloads/LC3Zybo/lc3_wrapper_multiplexers.vhd">
      <FileInfo>
        <Attr Name="ImportPath" Val="$PPRDIR/../../../../Downloads/LC3Zybo/lc3_wrapper_multiplexers.vhd"/>
        <Attr Name="ImportTime" Val="1591775398"/>
        <Attr Name="UsedIn" Val="synthesis"/>
        <Attr Name="UsedIn" Val="simulation"/>
      </FileInfo>
    </File>
    <File Path="$PSRCDIR/sources_1/imports/Christian Ulstrand/OneDrive/DTU - IT Elektronik/2. Semester/Digitale Systemer/Software/3 ugers/LC3/LC3Zybo/lc3_wrapper_multiplexers.vhd">
      <FileInfo>
        <Attr Name="ImportPath" Val="$PPRDIR/../../../../OneDrive/DTU - IT Elektronik/2. Semester/Digitale Systemer/Software/3 ugers/LC3/LC3Zybo/lc3_wrapper_multiplexers.vhd"/>
        <Attr Name="ImportTime" Val="1591696720"/>
        <Attr Name="UsedIn" Val="synthesis"/>
        <Attr Name="UsedIn" Val="simulation"/>
      </FileInfo>
    </File>
    <File Path="$PSRCDIR/sources_1/imports/Christian Ulstrand/OneDrive/DTU - IT Elektronik/2. Semester/Digitale Systemer/Software/3 ugers/LC3/LC3Zybo/lc3_computer.vhd">
      <FileInfo>
        <Attr Name="ImportPath" Val="$PPRDIR/../../../../OneDrive/DTU - IT Elektronik/2. Semester/Digitale Systemer/Software/3 ugers/LC3/LC3Zybo/lc3_computer.vhd"/>
        <Attr Name="ImportTime" Val="1591870456"/>
        <Attr Name="UsedIn" Val="synthesis"/>
        <Attr Name="UsedIn" Val="simulation"/>
      </FileInfo>
    </File>
    <File Path="$PSRCDIR/sources_1/imports/Christian Ulstrand/OneDrive/DTU - IT Elektronik/2. Semester/Digitale Systemer/Software/3 ugers/LC3/LC3Zybo/lc3_debug.vhd">
      <FileInfo>
        <Attr Name="ImportPath" Val="$PPRDIR/../../../../OneDrive/DTU - IT Elektronik/2. Semester/Digitale Systemer/Software/3 ugers/LC3/LC3Zybo/lc3_debug.vhd"/>
        <Attr Name="ImportTime" Val="1591696720"/>
        <Attr Name="UsedIn" Val="synthesis"/>
        <Attr Name="UsedIn" Val="simulation"/>
      </FileInfo>
    </File>
    <File Path="$PSRCDIR/sources_1/imports/Christian Ulstrand/OneDrive/DTU - IT Elektronik/2. Semester/Digitale Systemer/Software/3 ugers/LC3/LC3Zybo/student_code.vhd">
      <FileInfo>
        <Attr Name="ImportPath" Val="$PPRDIR/../../../../OneDrive/DTU - IT Elektronik/2. Semester/Digitale Systemer/Software/3 ugers/LC3/LC3Zybo/student_code.vhd"/>
        <Attr Name="ImportTime" Val="1591696720"/>
        <Attr Name="UsedIn" Val="synthesis"/>
        <Attr Name="UsedIn" Val="simulation"/>
      </FileInfo>
    </File>
    <File Path="$PSRCDIR/sources_1/imports/Christian Ulstrand/OneDrive/DTU - IT Elektronik/2. Semester/Digitale Systemer/Software/3 ugers/LC3/LC3Zybo/zybovios_wrapper.vhd">
      <FileInfo>
        <Attr Name="ImportPath" Val="$PPRDIR/../../../../OneDrive/DTU - IT Elektronik/2. Semester/Digitale Systemer/Software/3 ugers/LC3/LC3Zybo/zybovios_wrapper.vhd"/>
        <Attr Name="ImportTime" Val="1591696720"/>
        <Attr Name="UsedIn" Val="synthesis"/>
        <Attr Name="UsedIn" Val="simulation"/>
      </FileInfo>
    </File>
    <File Path="$PSRCDIR/sources_1/imports/LC3Zybo/top.vhd">
      <FileInfo>
        <Attr Name="ImportPath" Val="$PPRDIR/../../../../OneDrive/DTU - IT Elektronik/2. Semester/Digitale Systemer/Software/3 ugers/LC3/LC3Zybo/top.vhd"/>
        <Attr Name="ImportTime" Val="1591696720"/>
        <Attr Name="UsedIn" Val="synthesis"/>
        <Attr Name="UsedIn" Val="simulation"/>
      </FileInfo>
    </File>
    <File Path="$PSRCDIR/sources_1/new/Mem_async.vhd">
      <FileInfo>
        <Attr Name="AutoDisabled" Val="1"/>
        <Attr Name="ImportPath" Val="$PPRDIR/../../../../Documents/GitHub/3-Ugers-Projekt/3WeekProject/3WeekProject.srcs/sources_1/new/Mem_async.vhd"/>
        <Attr Name="ImportTime" Val="1591862236"/>
        <Attr Name="UsedIn" Val="synthesis"/>
        <Attr Name="UsedIn" Val="simulation"/>
      </FileInfo>
    </File>
    <File Path="$PSRCDIR/sources_1/imports/Christian Ulstrand/OneDrive/DTU - IT Elektronik/2. Semester/Digitale Systemer/Software/3 ugers/LC3/LC3Zybo/lc3_wrapper_tristates.vhd">
      <FileInfo>
        <Attr Name="AutoDisabled" Val="1"/>
        <Attr Name="ImportPath" Val="$PPRDIR/../../../../OneDrive/DTU - IT Elektronik/2. Semester/Digitale Systemer/Software/3 ugers/LC3/LC3Zybo/lc3_wrapper_tristates.vhd"/>
        <Attr Name="ImportTime" Val="1591696720"/>
        <Attr Name="UsedIn" Val="synthesis"/>
        <Attr Name="UsedIn" Val="simulation"/>
      </FileInfo>
    </File>
    <File Path="$PSRCDIR/sources_1/new/ssegController.vhd">
      <FileInfo>
        <Attr Name="AutoDisabled" Val="1"/>
        <Attr Name="ImportPath" Val="$PPRDIR/../../../../Documents/GitHub/3-Ugers-Projekt/3WeekProject/3WeekProject.srcs/sources_1/new/ssegController.vhd"/>
        <Attr Name="ImportTime" Val="1591883760"/>
        <Attr Name="UsedIn" Val="synthesis"/>
        <Attr Name="UsedIn" Val="simulation"/>
      </FileInfo>
    </File>
    <Config>
      <Option Name="DesignMode" Val="RTL"/>
      <Option Name="TopModule" Val="LC3Zybo_top"/>
      <Option Name="TopAutoSet" Val="TRUE"/>
    </Config>
  </FileSet>
  <FileSet Name="constrs_in" Type="Constrs" RelSrcDir="$PSRCDIR/constrs_1">
    <Filter Type="Constrs"/>
    <File Path="$PSRCDIR/constrs_1/imports/Software/ZyboVIO.xdc">
      <FileInfo>
        <Attr Name="ImportPath" Val="$PPRDIR/../../../../OneDrive/DTU - IT Elektronik/2. Semester/Digitale Systemer/Software/ZyboVIO.xdc"/>
        <Attr Name="ImportTime" Val="1583316345"/>
        <Attr Name="UsedIn" Val="synthesis"/>
        <Attr Name="UsedIn" Val="implementation"/>
      </FileInfo>
    </File>
    <Config>
      <Option Name="ConstrsType" Val="XDC"/>
    </Config>
  </FileSet>
  <Strategy Version="1" Minor="2">
    <StratHandle Name="Vivado Synthesis Defaults" Flow="Vivado Synthesis 2018"/>
    <Step Id="synth_design"/>
  </Strategy>
</GenRun>
